other_subtype,mean_prompt_char_len,mean_prompt_token_len
complexity,56.30769230769231,4.3076923076923075
complexity+real_world,34.357142857142854,2.5
complexity+specificity,34.31111111111111,3.2222222222222223
complexity+specificity+real_world,61.166666666666664,5.166666666666667
none,130.54405350392557,10.011631288165164
real_world,36.15384615384615,2.769230769230769
specificity,138.81159420289856,13.710144927536232
specificity+real_world,61.0,7.0
