lexical_bucket,count,share_within_other
unclear,6306,0.8956114188325522
factual_like,680,0.09657719073995172
creative_like,37,0.005254935378497373
creative_and_factual_like,18,0.0025564550489987218
