term,estimate
side_a_bias,-0.040078549743181265
length_diff_z,0.29614009579584
