task_bucket,n_rows,status,side_a_bias,length_diff_z
creative,93,ok,0.7825975942472513,2.2958039844822085
factual_reasoning,1358,ok,0.03104150094640847,0.8025525884970622
