term,estimate
side_a_indicator,-0.02579249308795447
relative_response_length_z,0.15791975383443452
fmt_diff_n_headers,0.011025662052938057
fmt_diff_n_bullets,0.0013870637980341585
fmt_diff_n_bold,0.009806854497594275
fmt_diff_n_code_blocks,0.03462899594550082
