model_name,split,n_rows,accuracy,log_loss,brier_score,null_log_loss,mean_model_a_win_rate,covered_row_share,unknown_pair_rows
baseline,train,78678.0,0.6313073540252675,0.6452835133175822,0.22686535355089998,0.6930676911707279,0.4936958234830575,1.0,0.0
baseline,validation,9835.0,0.6268429079816981,0.6456451385299321,0.2269747401919457,0.6930689720652911,0.49374682257244534,1.0,0.0
baseline,test,9835.0,0.6273512963904423,0.6465391557829813,0.22735881088747098,0.6930879955022876,0.4945602440264362,1.0,0.0
proxy_augmented,train,78678.0,0.6374844302092072,0.6411957668216025,0.22424020462188213,0.6930676911707279,0.4936958234830575,1.0,0.0
proxy_augmented,validation,9835.0,0.6377224199288256,0.6399491392821776,0.22406305851620797,0.6930689720652911,0.49374682257244534,1.0,0.0
proxy_augmented,test,9835.0,0.6361972547025928,0.6414565659111912,0.22448756115613439,0.6930879955022876,0.4945602440264362,1.0,0.0
