split,rows,row_share,sessions,session_share,model_a_win_rate
train,78678,0.7999959328100216,69028,0.7996200449459028,0.4936958234830575
validation,9835,0.10000203359498923,8660,0.10031740147811784,0.49374682257244534
test,9835,0.10000203359498923,8638,0.10006255357597943,0.4945602440264362
