fit_model,log_loss,accuracy,brier_score
full_formatting,0.637377830089213,0.6340959159464498,0.22353188854667583
full_formatting_plus_signals,0.6374081713763198,0.6341128622267412,0.223546934261089
signal_interactions,0.6412558962582572,0.629242501270971,0.225200543632492
baseline,0.6452779387510856,0.6250499915268598,0.22699170213205216
