generator_model,n_reps,skill_corr_mean,skill_corr_std,skill_rmse_mean,skill_rmse_std,beta_corr_mean,beta_corr_std,beta_rmse_mean,beta_rmse_std
full_formatting,30,0.9908075023347428,0.00331056350709781,0.054490284224315344,0.009832827543917113,0.998098696789837,0.0017238959062222088,0.005663826513782112,0.0030540497573041943
