term,estimate
side_a_indicator,0.07535427161001614
relative_response_length_z,0.15574869584576947
fmt_diff_n_headers,0.010839865915706424
fmt_diff_n_bullets,0.0014093285677845124
fmt_diff_n_bold,0.009771440707608608
fmt_diff_n_code_blocks,0.035177144941008605
creative_signal,-0.09529762906128511
factual_signal,-0.09927629838855737
both_signal,0.0749362813989715
