term,estimate
side_a_indicator,-0.026931531327298315
relative_response_length_z,0.15980274681513607
fmt_diff_n_headers,0.011179318161294057
fmt_diff_n_bullets,0.0013220383191720427
fmt_diff_n_bold,0.009782439382105185
fmt_diff_n_code_blocks,0.03452715112095157
