train_length_mean,train_length_std
-0.4466051501054933,1637.5200830400906
