signal_state,implied_length_effect,implied_formatting_effect
none,0.08976591738122851,0.17893265168400305
creative_only,0.6266300639448318,0.2859174482741792
factual_only,0.35848138860319695,0.32100227894350647
both,0.26974194923145056,0.31026681614376844
