term,estimate
side_a_indicator,0.07054375199194252
relative_response_length_z,0.08976591738122851
fmt_diff_has_markdown,0.17893265168400305
creative_signal,-0.0844312877382994
factual_signal,-0.0946787567189044
both_signal,0.06515218728931053
len_x_creative,0.5368641465636033
len_x_factual,0.2687154712219684
len_x_both,-0.6256035859353497
fmt_x_creative,0.10698479659017618
fmt_x_factual,0.14206962725950342
fmt_x_both,-0.11772025938991422
