term,estimate
side_a_indicator,0.06801626948976983
relative_response_length_z,0.2849436180912358
fmt_diff_has_markdown,0.2978686409136969
creative_signal,-0.08209757946603433
factual_signal,-0.0919039932619707
both_signal,0.06267027141694843
