task_bucket,implied_length_effect,implied_formatting_effect
mixed,0.27416088306491077,0.0
factual_reasoning,0.3806628071755027,0.0
creative,0.7372560726684062,0.0
other,0.10732431002147497,0.0
