is_code,both_bad,model_a,model_b,tie
False,0.11485286327139013,0.35956830198086653,0.3681794102066043,0.1573994245411391
True,0.11932525468079161,0.35431750628763053,0.3643015014099535,0.16205573762162437
