task_bucket,both_bad,model_a,model_b,tie
creative,0.13982011447260834,0.36167893158898884,0.37339874625238484,0.12510220768601799
factual_reasoning,0.1200107409325431,0.3534534016149759,0.3606076298981529,0.165928227554328
mixed,0.11175144789021711,0.3591480984850646,0.3737981797951556,0.15530227382956263
other,0.11823976968949208,0.37332922064569196,0.35060662142710264,0.15782438823771336
