winner,count,mean,median
both_bad,15754,4.827155008251872,0.0
model_a,48563,261.76451207709573,114.0
model_b,49785,-256.35942552977804,-116.0
tie,21532,2.910830391974735,0.0
