bucket,count,share
1025+,50777,0.3743677838889954
513-1024,34387,0.2535278764911453
257-512,23571,0.1737838595042541
129-256,13038,0.09612634000324402
<=64,7310,0.05389504106639928
65-128,6551,0.04829909904596193
