bucket,count,share
1025+,50934,0.3755253107627881
513-1024,33991,0.25060825456743885
257-512,23496,0.17323090080658243
129-256,13161,0.09703319226742557
<=64,7446,0.05489773950484392
65-128,6606,0.04870460209092115
