value,count,share
model_b,49785,0.367053983514458
model_a,48563,0.3580444431337275
tie,21532,0.15875075571022015
both_bad,15754,0.1161508176415943
