value,count,share
mixed,70102,0.516846808322397
factual_reasoning,52137,0.38439476827344177
other,9726,0.07170768391406285
creative,3669,0.02705073949009835
