a_longer,model_a,model_b
A longer,0.6121655894624888,0.3878344105375113
B longer,0.3759170815973986,0.6240829184026013
same length,0.5418326693227091,0.4581673306772908
